Residue,Internal,van_der_Waals,Electrostatic,Polar_Solvation,NonPolarSolv,TOTAL
ILE 276,19.845337499999996,-0.9081187500000001,-76.87180000000001,11.802956250000005,0.9587172600000006,-45.17290774000001
GLN 277,23.780412500000004,-3.80255625,-64.31798125,-6.670668749999999,0.6414210450000001,-50.369372705
GLN 281,23.30031875000001,-3.3961562499999998,-70.76625625000001,-9.761643750000005,0.738917685,-59.884819815000014
GLN 283,24.27718124999999,-5.1723,-81.91304999999997,-0.7263937499999998,0.21708859499999997,-63.317473905
TYR 285,16.68052500000001,-8.849100000000004,-33.97116250000002,-3.1571375,0.016288020000000007,-29.28058697999999
ARG 287,20.786375000000007,-8.605325000000002,-228.53761874999992,38.43963750000002,0.28968111,-177.62725013999997
HIE 288,34.07981249999999,-4.045812499999999,-13.173099999999991,-8.420537499999996,0.6638395050000001,9.104202005
GLU 291,17.752749999999992,-2.5353125,18.1413875,-88.73998750000005,0.7209481499999999,-54.66021434999999
ASN 299,20.110356250000002,-8.991656249999998,-94.81236875,1.128306250000001,7.425e-06,-82.565355075
TYR 301,16.42188125,-7.956581250000002,-25.082924999999992,-5.360468750000001,0.22739224500000005,-21.750701505
HIE 306,35.169631249999995,-10.515949999999998,-11.2839,-1.5918874999999997,0.013382955000000005,11.791276705
PRO 307,22.758000000000003,-5.5311499999999985,-8.215175000000006,-1.9812562500000008,0.11220079500000009,7.142619545
SER 308,14.050575,-4.083743749999999,-9.581987500000002,-7.038349999999999,0.05307183,-6.600434420000002
ASP 309,17.241300000000006,-2.732125,27.59946250000001,-99.58438125000004,0.6061263749999997,-56.86961737499996
MET 329,15.376100000000003,-5.030118749999999,-8.386831250000006,-2.3396812500000004,0.20416216499999998,-0.176369085
PHE 331,16.7149,-8.096475000000002,-5.757012499999999,-1.8488437500000003,0.02859272999999999,1.0411614799999995
LYS 333,18.41318124999999,-2.2440124999999993,-45.01869999999999,11.593887500000003,1.1757104100000002,-16.07993334000001
TRP 335,21.69634375,-10.715956250000003,-8.010262500000001,0.31231875000000003,0.06040633499999998,3.3428500849999985
PHE 337,15.175168750000008,-9.011675,-8.37696875,-1.3434124999999995,0.003313035,-3.553574464999999
ASP 360,16.161937499999997,-2.6415937500000015,22.957037500000006,-99.68643124999997,0.7023015000000004,-62.50674849999999
ASP 373,14.756743750000002,-3.433537500000001,30.849962500000004,-102.49893125000001,0.3436288650000001,-59.982133635000004
MET 374,19.790112499999992,-4.440418749999997,10.488012499999995,-84.36827500000001,0.6168600899999995,-57.91370866
