endframe,human,mouse,mouse309,mouse308309,mouse308309329,mouse308,human362
100,-91.8523,-84.2455,-81.3177,-79.458,-78.9142,-84.3307,-94.774
200,-96.9346,-89.3016,-88.5007,-87.5547,-84.3456,-87.7918,-96.1278
300,-92.8277,-87.6219,-86.6447,-86.2221,-82.0554,-84.9161,-92.9184
400,-93.3131,-85.9827,-84.2674,-83.3434,-81.2467,-84.4407,-93.311
500,-93.3592,-85.7474,-84.101,-83.3342,-80.6155,-84.3601,-93.7575
600,-89.5724,-85.4032,-79.3465,-81.4935,-78.6817,-82.9899,-91.3671
700,-89.6931,-85.0013,-76.426,-80.2641,-78.2351,-82.1253,-90.2182
800,-89.8176,-84.7368,-74.5095,-78.8941,-75.0791,-82.0941,-89.6546
900,-89.8919,-84.6515,-72.7743,-77.9764,-72.825,-81.8338,-89.3115
1000,-90.7536,-84.3341,-70.8459,-77.6886,-71.2393,-81.1524,-88.4085
1100,-91.3816,-83.6962,-69.2254,-77.0005,-70.244,-81.441,-86.7608
1200,-91.291,-83.1419,-67.6769,-75.9294,-68.33,-81.6257,-85.4946
1300,-90.4098,-83.2369,-66.5961,-74.8878,-66.8039,-81.5248,-84.4323
1400,-89.9024,-83.0259,-65.6648,-73.6359,-65.9194,-81.5103,-83.7994
1500,-89.4215,-82.8006,-64.5072,-72.6976,-64.9825,-81.3105,-83.1704
